298,pub,b,tcp://192.168.10.10:6996
298,sub,c,tcp://192.168.10.10:6996
298,req,c,tcp://192.168.10.10:6997
298,rep,b,tcp://192.168.10.10:6997
299,pub,b,tcp://192.168.10.10:6998
299,sub,c,tcp://192.168.10.10:6998
299,req,c,tcp://192.168.10.10:6999
299,rep,b,tcp://192.168.10.10:6999
300,pub,b,tcp://192.168.10.10:7000
300,sub,c,tcp://192.168.10.10:7000
300,req,c,tcp://192.168.10.10:7001
300,rep,b,tcp://192.168.10.10:7001
301,pub,b,tcp://192.168.10.10:7002
301,sub,c,tcp://192.168.10.10:7002
301,req,c,tcp://192.168.10.10:7003
301,rep,b,tcp://192.168.10.10:7003
302,pub,b,tcp://192.168.10.10:7004
302,sub,c,tcp://192.168.10.10:7004
302,req,c,tcp://192.168.10.10:7005
302,rep,b,tcp://192.168.10.10:7005
303,pub,b,tcp://192.168.10.10:7006
303,sub,c,tcp://192.168.10.10:7006
303,req,c,tcp://192.168.10.10:7007
303,rep,b,tcp://192.168.10.10:7007
304,pub,b,tcp://192.168.10.10:7008
304,sub,c,tcp://192.168.10.10:7008
304,req,c,tcp://192.168.10.10:7009
304,rep,b,tcp://192.168.10.10:7009
305,pub,b,tcp://192.168.10.10:7010
305,sub,c,tcp://192.168.10.10:7010
305,req,c,tcp://192.168.10.10:7011
305,rep,b,tcp://192.168.10.10:7011
306,pub,b,tcp://192.168.10.10:7012
306,sub,c,tcp://192.168.10.10:7012
306,req,c,tcp://192.168.10.10:7013
306,rep,b,tcp://192.168.10.10:7013
307,pub,b,tcp://192.168.10.10:7024
307,sub,c,tcp://192.168.10.10:7024
307,req,c,tcp://192.168.10.10:7015
307,rep,b,tcp://192.168.10.10:7015
308,pub,b,tcp://192.168.10.10:7016
308,sub,c,tcp://192.168.10.10:7016
308,req,c,tcp://192.168.10.10:7017
308,rep,b,tcp://192.168.10.10:7017
309,pub,b,tcp://192.168.10.10:7018
309,sub,c,tcp://192.168.10.10:7018
309,req,c,tcp://192.168.10.10:7019
309,rep,b,tcp://192.168.10.10:7019
310,pub,b,tcp://192.168.10.10:7020
310,sub,c,tcp://192.168.10.10:7020
310,req,c,tcp://192.168.10.10:7021
310,rep,b,tcp://192.168.10.10:7021
311,pub,b,tcp://192.168.10.10:7022
311,sub,c,tcp://192.168.10.10:7022
311,req,c,tcp://192.168.10.10:7023
311,rep,b,tcp://192.168.10.10:7023
312,pub,b,tcp://192.168.10.10:7024
312,sub,c,tcp://192.168.10.10:7024
312,req,c,tcp://192.168.10.10:7025
312,rep,b,tcp://192.168.10.10:7025
313,pub,b,tcp://192.168.10.10:7026
313,sub,c,tcp://192.168.10.10:7026
313,req,c,tcp://192.168.10.10:7027
313,rep,b,tcp://192.168.10.10:7027
